Model,AUC,Accuracy,F1,MAP
fcn,0.879585326953748,0.877235772357723,0.877235772357723,0.881934881549772
resnet,0.912280701754386,0.910569105691057,0.910569105691057,0.913992297817715
