Model,AUC,Accuracy,F1,MAP
fcn,0.8481674561800251,0.845528455284553,0.845528455284553,0.8436601530170971
resnet,0.926634768740032,0.92520325203252,0.92520325203252,0.928066285447543
mlp,0.8583200425305691,0.857723577235772,0.857723577235772,0.8209155790955329
cnn,0.5,0.509756097560976,0.509756097560976,0.509756097560976
encoder,0.920259150816888,0.9195121951219508,0.9195121951219508,0.9039924499177108
lstmfcn,0.9704944178628392,0.969918699186992,0.969918699186992,0.971070136538686
transformer,0.8588516746411483,0.8560975609756097,0.8560975609756097,0.8616057883066869
