Model,AUC,Accuracy,F1,MAP
fcn,0.848167456180025,0.845528455284553,0.845528455284553,0.843660153017097
resnet,0.926634768740032,0.92520325203252,0.92520325203252,0.928066285447543
mlp,0.858320042530569,0.857723577235772,0.857723577235772,0.820915579095533
cnn,0.5,0.509756097560976,0.509756097560976,0.509756097560976
encoder,0.920259150816888,0.919512195121951,0.919512195121951,0.903992449917711
lstmfcn,0.970494417862839,0.969918699186992,0.969918699186992,0.971070136538686
