Model,AUC,Accuracy,F1,MAP,Precision,Recall
cnn,0.7707928485473612,0.9023686920700309,0.9023686920700309,0.4269179862632896,0.9023686920700309,0.9023686920700309
