Model,AUC,Accuracy,F1,MAP
fcn,0.8481674561800248,0.8455284552845529,0.845528455284553,0.8436601530170966
resnet,0.926634768740032,0.9252032520325204,0.9252032520325204,0.9280662854475434
mlp,0.8583200425305688,0.8577235772357723,0.8577235772357723,0.8209155790955331
cnn,0.5,0.5097560975609756,0.5097560975609756,0.5097560975609756
encoder,0.9202591508168885,0.9195121951219513,0.9195121951219514,0.9039924499177112
